Date,Price,Pred_Linear_Regression,Pred_Ridge_Regression,Pred_Random_Forest,Pred_Gradient_Boosting
2021-06-24,46701,52117.101650696626,52160.84932879159,58614.44650474604,55520.788407891756
2021-07-16,48040,40549.521801483366,40504.74260936767,40070.2294296708,39906.51050039698
2022-08-02,51274,42361.44330276522,42441.43600409018,46893.73092226846,48232.56796356875
2019-11-01,38652,40550.063977264,40612.081071250286,41722.4563037722,40657.2018035565
2022-03-10,53183,69423.16210710682,69388.39321794081,61843.994276276935,57614.788648384485
2022-01-31,47840,43657.96862999945,43770.02923760932,54609.51325119823,57602.11048210637
2014-02-18,30766,48476.73607401303,48472.29443077317,48077.9036969428,48473.07154059598
2014-04-11,29085,38440.91888398911,38439.66975190457,37499.107891018255,38390.397316221235
2015-01-20,28098,43083.72948954646,42986.08401854013,46100.998231668986,40080.37612222388
2022-10-11,50874,50795.24681367277,50834.954389223094,51486.777133933996,51250.841902934764
2025-06-24,96521,66450.97041353819,66306.09073391577,77526.65077495652,70950.71521378894
2022-02-01,47966,42042.83430623403,42128.539998126376,47514.06598405886,47103.40425536635
2024-01-04,62444,40044.09460531605,40128.6237126394,50707.456632022106,52678.619701348085
2019-08-21,37598,38759.44204283715,38722.98655733553,34410.33891790086,34449.393703553906
2020-09-10,51832,50752.34891692674,50616.314433950334,47008.17333498293,53594.42763423125
2025-11-04,119830,72703.52814718656,72349.96891472183,99736.98276732057,106317.29095006788
2019-05-02,31203,36696.19446481366,36753.64777822436,35950.010337587766,35543.75884009346
2014-02-13,29726,36743.92114663162,36725.426653428054,34942.054336635076,35550.4470250027
2025-01-24,79944,46035.07180657047,46063.381002031194,52348.01567604865,62217.84715157581
2020-08-10,55243,65641.37608650769,65561.25075923638,77515.99878786436,75405.02714468473
2022-07-27,50722,37355.73344457524,37389.1709631411,35647.22574119361,36501.60598714666
2022-07-01,52227,49750.86888310417,49865.41406347588,55844.58112648166,55572.922270518065
2020-06-15,46999,51518.567441356645,51331.63945362405,47831.37316937097,50228.96973053654
2019-10-07,37978,47323.19057178031,47307.108869911346,45577.63573232127,45092.48635150861
2025-12-24,136104,92535.32878838135,92560.27464624505,116647.70518617227,125975.89757623665
2020-01-08,40078,57082.405351535344,56879.43046808086,59700.39167966182,52029.99087013404
2023-05-11,60886,42095.26892327663,42046.27373677772,37887.121802234695,36289.51400134873
2021-09-01,47093,36818.32228476685,36871.91143154609,37053.81743015977,42816.72844403219
2021-12-03,47425,35229.269730675056,35272.849591707025,34029.22277592252,34637.67969604833
2020-01-21,39892,37813.4258203581,37715.49303631211,34936.222163409366,34065.712364403604
2015-05-05,26852,36763.999576863,36827.17489632263,35847.11679984722,36234.21727922197
2022-05-20,50842,41094.20798535223,41103.28150023717,42548.67365686161,43560.3740552826
2024-02-14,61170,46268.47583250537,46320.932052749646,48408.67280195158,47290.74549355226
2021-12-24,47982,40630.85012519021,40691.76877446365,36550.096543304935,37786.65363164029
2023-09-22,58896,41361.347152464565,41416.488439197055,46443.70611116004,47511.613224806446
2016-10-19,29883,35595.65640627607,35582.750862945395,30524.970603427097,31141.760176253076
2019-08-22,37779,39018.820435047775,38951.48385626114,34861.88947589843,34961.032425659796
2019-10-17,38216,39759.380261523096,39685.01453866799,34740.71001306034,34661.36427318463
2024-03-25,65862,37579.40809554029,37639.851586242396,36674.788027954666,38609.22136857109
2025-06-27,94908,87091.9735581308,87194.92198011074,80391.71837763631,83165.37591634142
2022-12-19,53945,41415.15939533134,41461.95164499973,43654.82530238852,42892.19632165395
2024-10-23,77482,63192.68433335118,63287.17047898481,62704.949248044206,62976.85358750714
2018-09-28,30479,39047.10429998623,39071.30666473294,35656.906114996105,36902.86937491431
2025-05-29,95295,46957.9754089496,46899.983244089555,44055.66044881921,42445.482559056276
2025-06-13,99555,76329.83785427905,76138.89122365654,80343.64137273011,79085.19498314234
2017-09-11,29942,38572.83024394838,38548.05975141151,34462.89538659624,34652.043100344425
2015-05-26,26917,39439.006255567605,39424.67838521361,35807.58688505922,36063.05206781668
2022-12-21,54684,44996.88420908114,45059.01202104927,50854.366815438145,51470.531416489415
2015-08-31,26540,46271.76318102673,46349.089602691325,51726.15597374007,50089.71887933942
2017-04-27,28784,40591.13880019266,40639.100526252805,44929.59586711124,48302.31586342727
2014-12-08,26228,41236.37099368692,41233.1276228326,39747.4756550381,38953.594012236805
2016-07-28,30795,35939.5884214912,35874.63332172069,33096.22844694339,33899.77712477723
2015-06-24,26418,39702.12271195141,39721.65045890169,42481.646906912836,42103.58912519625
2025-11-07,121056,57090.488792386444,56810.078504499885,93025.36405888744,86843.85551113312
2021-03-08,44233,47888.74016881343,47779.219596693816,45243.53173165481,43494.55113854534
2017-01-19,28588,35917.4505612848,35901.90922860533,34320.29584517566,34636.466761936805
2016-04-15,28918,36536.38888545339,36544.2373800887,34436.0335310946,34502.070922627536
2024-10-18,77159,59519.60550569153,59565.70579831099,62786.89450573693,63914.54473263854
2017-01-10,28210,40745.2208046106,40748.82799583648,49099.73742696221,49278.795702302414
2020-07-17,49001,39614.34069144394,39484.55569921463,35107.79972548099,36789.39752548078
2014-06-26,28126,43081.97575556177,43061.23664436885,41853.74017565538,40729.12673957087
2014-02-14,29932,38186.18511425748,38180.05154105827,37704.73049893616,38447.30694188454
2022-03-07,53461,71539.64656723425,71513.19575954192,62880.010377608465,59830.83914128885
2016-09-26,31351,40439.96015567299,40462.375133823596,36474.96187139903,37501.73268076823
2016-07-11,31524,46032.560848626556,46024.86957745628,45674.768032825115,45643.56156209702
2018-12-27,31611,40775.474995306926,40807.960885584216,35959.647490659074,37112.13856782781
2015-12-15,25173,38462.38901848483,38435.699356840625,31637.90061523422,32300.646099191064
2019-07-01,33348,40696.86558020451,40742.016146818576,42887.230655141066,40342.35845470075
2015-02-10,27016,44794.94209291019,44801.39952382535,46873.27550217393,46458.76906915886
2024-06-05,72485,38695.70800772693,38766.333923917045,43671.76253662888,43806.08911004177
2020-11-09,49795,67482.04728106875,67149.3218093701,94406.56537936283,86715.88472835445
2022-03-03,51569,50756.87368186168,50885.530438229034,53567.595588625416,52424.30512693162
2014-07-29,27855,35694.715478376864,35719.0608286596,31836.800556428905,32970.935798091516
2018-01-25,30367,39152.406286930665,39179.15645750065,40870.776431650964,41035.34200033341
2021-04-21,47892,49398.95463616548,49415.48451475996,52806.85130223227,52559.38556913601
2023-12-07,62290,40653.667994168696,40649.98702250088,35832.314772323596,35975.82658450069
2017-09-06,30088,41613.94049759468,41598.99541983313,40164.065001205,38337.569169067145
2018-06-28,30431,33479.62835676238,33518.70925800662,32461.119241003897,33876.22652265103
2019-02-01,33405,44381.98438513628,44457.58943088478,47454.300046562545,44959.83063284809
2021-02-11,47377,46674.91348340412,46603.264694585945,44049.42406262646,42739.25583098961
2014-12-10,27054,46376.21024506424,46336.77283982443,41177.99102762215,38425.96317651819
2014-06-25,28221,45323.956298834906,45338.34437351586,46850.94597399731,47498.534957374504
2014-03-20,29924,40916.813973893724,40910.98503711342,40371.79306028056,40086.86111720874
2017-08-01,28514,32305.188132496936,32323.280080832592,32240.293050279983,31801.02402632681
2019-07-29,34788,36969.8997445474,36974.547904610474,33172.11148119508,33953.26899236197
2018-10-24,31723,35702.43301219938,35698.159312359385,30660.78918786802,31385.9492528778
2018-01-09,29173,32127.391145512207,32140.02609661739,31524.490228392544,33329.01250833008
2017-11-14,29620,36517.92442858256,36502.00837040277,30912.7641928566,31929.227447147874
2021-11-04,47559,41836.03422144955,41868.4247684304,42447.004758786046,40674.17307197961
2023-09-01,59106,42905.94125595382,42984.36631617266,46994.64598271907,45916.75115330131
2022-12-05,53300,50601.66684563139,50715.945317845326,56482.834648518205,54491.54470165161
2015-11-11,25490,36450.808646241916,36489.58975026434,32647.135235513022,34097.364078071245
2021-09-29,45550,47168.5287605185,47241.95710453507,51997.63395940016,52499.94262359175
2019-06-25,34300,55496.32493491538,55426.26154134222,63656.58698658731,62393.585378316384
2018-11-30,30186,39081.18190554305,39113.78745329533,35230.368955329846,34937.14675149807
2019-12-23,38231,38995.97501137881,38999.26062426566,31840.911772336036,32230.93603868145
2023-05-24,59918,38949.77232536719,38963.61205590039,35571.82768357104,36142.63913814699
2024-08-14,69874,56213.63868744762,56226.86981838649,61454.76791895861,60975.966766051366
2018-10-11,31793,41924.63297426259,41876.20195179363,39890.896246813885,39078.05971774535
2021-09-07,46989,38384.94009456578,38324.14866201408,34365.42640057156,34489.683176636216
2021-09-13,46946,39762.94375172861,39748.44281297492,35700.6022523639,37008.8390833855
2019-08-20,37640,39111.524837218676,39044.42530624686,34841.34781047024,34983.32282652513
2018-07-26,29836,33534.5712511427,33558.91643198005,30938.841400432866,32236.659198781952
2016-05-10,29785,39106.97075313068,39036.5506167375,35289.42146001227,35263.60319272344
2025-03-05,85848,51941.91466253948,51871.75222386111,55422.542225068784,66344.27738558379
2023-02-06,56926,43175.3188666958,43197.313659353356,46750.79964597828,44638.55156030973
2014-07-11,28441,45905.237932631,45897.28163636256,45674.768032825115,45908.48303105521
2020-09-01,51017,42593.25494440958,42661.83728281846,46684.705709824935,44628.61423943055
2022-06-09,50971,38676.07002283068,38689.415928897186,41788.97863841477,42056.686748062406
2024-05-13,71819,50722.913449671745,50728.11027872824,56964.74354905129,55020.863386093246
2019-06-17,32961,37469.80547584804,37428.46100757021,34124.57479347824,34049.81803901541
2024-06-28,71275,46256.22363764509,46316.59192602383,51472.806891822824,51429.59162571491
2018-04-04,30886,35486.53888634719,35545.47293824166,36248.25677736061,37132.7768042095
2023-10-30,61077,42819.833196218126,42896.33160664106,48070.799599249454,50865.480981509296
2019-11-07,37595,48957.98480852363,48854.1796731974,44363.193831607954,44985.34872403651
2020-07-15,49182,40829.8951162006,40628.67478565458,35263.871236941435,38671.27995769764
2023-06-09,59777,36104.41797696827,36108.1724175833,34362.930585151684,34998.67161303345
2023-12-12,60984,56788.93594938646,56854.52306389074,58356.21242647421,59728.82032723488
2025-12-03,129305,97942.87127944807,97838.0961022944,117123.84567617302,124323.49740708107
2024-09-25,75167,63220.59913167449,63336.30606166441,63041.13386532827,62667.63874940199
2018-02-06,30182,35290.03539009371,35260.67254404325,34323.93344120656,34483.66082046639
2022-02-09,48575,37167.82764648053,37172.079203162524,37260.41011898361,38143.79986598775
2022-05-05,51653,42425.90495769287,42516.018040080155,47253.09851440457,46135.39177165574
2024-05-20,74283,60383.62436301207,60471.759882228434,58968.08887093425,58257.80768555521
2016-09-27,31003,39984.41022002601,39979.06179731374,35398.569650886726,35824.49625053832
2014-08-07,28695,44020.63389426049,43999.453069650364,44929.123064816784,43784.954993240935
2019-04-02,31535,38210.7843903521,38277.41908582003,38425.57128963178,38236.28660459337
2025-02-06,83856,66803.5718776463,66805.45339221747,65820.47168493715,64319.29480315365
2021-12-22,48026,41753.75873791256,41792.56479989842,43860.97153295481,42592.44628322605
2019-06-27,33931,47583.38146594407,47613.40510584265,47745.400136147604,49233.085833887926
2024-01-05,62627,38640.14321036638,38719.240842268075,48615.411526760814,49915.21945725568
2014-04-07,28574,35030.139018159825,35009.88972456608,34424.85033826277,34198.07620362063
2021-02-24,46369,42514.30642772648,42462.00186383279,41583.77603869285,39828.68654711865
2023-09-14,58608,38971.49244157484,38998.03037896135,35733.06918416383,37561.903177099324
2018-05-16,31007,36827.16038578465,36820.71938279614,34347.286965492334,34036.067745523214
2017-10-31,29040,38578.559350566225,38625.762785705665,35604.69279629049,35844.07400964876
2023-04-24,59928,37740.34738620436,37765.389416304846,35846.36342913646,36900.02992463622
2019-12-24,38624,43264.728453130796,43259.86387184393,42868.99569743649,42151.90883123696
2019-12-17,37961,38712.460757039786,38694.27481145849,31610.87083874589,31984.887284551627
2020-12-02,48959,43712.29072338347,43790.611190875585,46637.46520486264,45299.50676192601
2014-07-08,27594,38020.994970102154,37973.52032597728,34346.59587033609,34287.74291694642
2020-03-02,42017,47131.4215763807,47240.574830872414,53304.46144681865,51844.669707752364
2021-11-15,49269,54362.79115080545,54394.02096570848,60873.575200396925,62469.26357509421
2020-07-23,50762,60439.93761745813,60275.702368693645,78944.12265199571,78070.77952662096
2023-04-26,59849,38836.26075795595,38856.60415650664,36610.304581770884,37139.24113580849
2014-04-19,29339,33297.738860527395,33363.20261438729,34909.10611517911,31594.16280986013
2017-06-01,28749,32562.354214583756,32588.468186064656,32278.264871661122,31840.628887162504
2018-03-26,30889,39365.17837959885,39410.368913466744,43275.64894211078,44009.92760870158
2016-03-02,29219,35523.331604071995,35574.773933254284,35899.07126394103,35024.9905363785
2025-11-06,120587,61933.29921929702,61685.77205136461,94193.38058841725,90511.22736645443
2017-08-25,29086,34097.912831571535,34112.26608583931,30754.080565464355,31922.79067213418
2023-11-27,61557,44631.70743111804,44711.324191375694,51466.72593895226,51845.12476350451
2022-02-24,51403,51479.91892943403,51444.3166377934,56422.81613421799,54553.41372614702
2020-12-03,49061,45804.50989763473,45891.238946431346,47034.79009660643,46203.86700950959
2025-12-01,128034,90217.62587483009,90307.75165773885,103285.0877161932,97028.92911996461
2022-03-25,51687,37466.26846658178,37474.217383486306,36581.79759862303,37372.59090390148
2021-08-30,47049,39130.08863882473,39203.608881314765,37733.70287568742,41539.498885607536
2016-09-22,31335,39183.49058533659,39164.28984381784,34551.22926551405,34638.34482236427
2024-01-10,62047,40437.86941216733,40466.00459670948,49931.508978096266,51607.447933414885
2025-06-03,97208,70103.16638190145,70084.80564929965,75138.05281707313,83767.91951337614
2024-07-19,72872,48746.56108877361,48740.700225998604,44871.106337259596,46621.970088998554
2024-03-28,67592,55078.708030562004,55144.22953999831,58477.8979087564,55684.2946216591
2015-05-28,26899,36942.6878909574,36945.43643033937,35036.60857861385,35378.212051051734
2018-02-09,29999,35898.35426796976,35897.110298545515,35440.32254136216,36777.61229350318
2017-10-16,29808,35722.29168867113,35740.976706056754,30797.40653782161,31695.418529149774
2024-10-08,74799,50318.17166555615,50253.30462918125,42956.094405750664,42397.62242768723
2025-06-04,97973,81033.00556822625,80987.52673881521,82884.84661588242,92423.26171066411
2023-02-08,57128,40054.65891196598,40083.796343447895,46439.608289756754,47254.30892428182
2014-09-27,26693,36458.674476786975,36538.60203261108,36853.7661608408,33666.108876723134
2015-10-20,26993,38783.026357889175,38747.88612479692,34005.092567987376,33873.51143523594
2015-03-17,25635,35401.53822493488,35317.138474728694,33375.52762103231,34164.87182428466
2020-04-22,46189,54637.889336343316,54549.393293995,66851.99538675616,67370.36057788547
2025-06-19,98868,72316.57071502213,72293.22316286401,77348.99772491954,81435.60213856479
2017-04-24,29128,35096.297430401835,35082.10293082346,31336.070156568363,32359.218923161494
2017-09-19,29628,38184.5233181416,38201.047909830566,34669.4071886727,35456.986835228956
2016-11-15,29391,42689.468808079575,42699.9796057,40172.35700834278,38149.59686010353
2015-05-18,27629,42073.64298952415,42068.15646897412,40830.1957902616,39923.05677429528
2018-04-27,31129,34651.0861794041,34683.92858561917,31882.851247610717,33447.21355350746
2018-01-08,29270,30819.24187681745,30821.204007676344,31180.882941018423,32757.924481208203
2024-09-13,73367,57134.50996612083,57156.07144830692,60634.032933108574,59917.48011856728
2021-10-08,46922,42060.70345725221,41992.462954824776,39879.04834502468,38468.176808029406
2017-02-03,29166,38741.75222449801,38816.30377658215,45567.06221829586,46816.682500240386
2021-07-06,47694,47926.301183160525,47861.45014427363,42999.80115694358,41779.05244371631
2022-02-11,49024,43832.06558835898,43863.31699908529,47513.09202477569,47206.97002566646
2022-06-16,50945,47756.72002299467,47749.74564716239,43727.97688211799,44234.96088406354
2021-04-15,46881,40969.67895957991,40898.28010348001,36421.70427505399,35810.46729418085
2025-09-12,109237,70366.2277154059,70350.94823703286,77757.53023532979,75978.39677007473
2020-08-26,51619,69795.61414596798,69650.35647955633,77641.10167403775,72746.21110355303
2020-02-25,42675,65713.06362694746,65676.98216492901,62575.29348865907,57034.75699241204
2022-09-29,49902,43939.838717242004,44051.302857886374,51535.20405888609,52813.900863276285
2022-03-17,51597,57849.81968155258,57911.87854450561,57541.49314134296,55331.264956823674
2019-12-09,37638,40785.88784092258,40790.024147644726,36162.4893543029,36438.64335442575
2017-04-07,28650,34564.989198556184,34517.26804911484,31695.101223504407,32051.694475456254
2019-12-02,37915,36021.9128845263,36061.59075497098,33380.64870110524,33059.96076105509
2015-03-26,26805,44073.66509518456,44066.14574789601,42977.526940742966,42397.60664755587
2015-08-06,24692,33880.61314053909,33846.198163921654,30750.184878016542,31246.801617561654
2016-09-09,31261,40717.95858549709,40709.33797632694,41009.74008391804,41264.134710311184
2019-01-16,32272,35627.635720339356,35617.51581768212,34318.29250171978,34666.17393771692
2025-02-28,84269,53946.44036218433,53879.91391638839,57105.84970479645,56904.32610001425
2022-05-11,50862,42806.20869057618,42788.96596235497,45060.953147804896,44238.45509661297
2019-09-27,37706,40791.04821155461,40678.408789776404,36156.13046245945,37561.55354241187
2015-07-10,26071,36494.93854812741,36466.442498552526,33905.64615992292,33238.84670684468
2017-08-11,29158,44108.875907027505,44120.481567792696,45998.75284973226,45234.65547747141
2015-09-23,26476,39307.163086949324,39269.55009649748,34715.84373744372,34924.70566008323
2017-08-28,29425,37234.66141975972,37246.84570658597,33050.14168600121,34075.40703905674
2018-06-25,30540,35750.909897254016,35791.960041153296,33321.99787363879,35579.57903321647
2025-08-19,98359,64363.62636829991,64364.26346764012,65317.62455579246,67052.81757875823
2015-01-02,26700,33319.46193432489,33356.60579895692,35267.5549706115,35013.936235102105
2021-05-24,48514,42932.313742054015,42917.165979025085,43115.350785416325,43619.24788774425
2017-09-27,29673,38999.23029047347,39010.40077290743,35451.45846997036,35999.06543657202
2018-06-11,31035,37620.15371848715,37635.18270836009,35448.26617414374,37224.71068506287
2016-10-10,29662,50524.92607498406,50565.83752498937,50858.185273650335,49834.93759312293
2021-12-28,47888,36625.593844554896,36636.39133396321,31324.85269928592,32367.899404047992
2018-09-17,30778,37357.644651726674,37324.531419796054,31480.81477418039,32035.210297560625
2024-07-16,74025,53296.35366871457,53313.185449924335,62387.19437638855,63765.47714153969
2018-01-02,29392,35643.048598039204,35692.91936104963,38277.34329096935,37082.1268865054
2024-01-08,62140,41811.62010138265,41793.169176356525,48023.457383249224,48824.373313705546
2017-05-17,28614,39169.03536776939,39134.06954489846,34954.21643265868,34900.74198061579
2021-07-19,48069,39717.19224522922,39673.22290964767,35617.803392043825,36845.402496370254
2024-04-17,72695,58125.558235196135,58178.003999298555,58421.454112884574,58163.36343069189
2024-01-16,62065,37479.1466333618,37477.999218673365,37356.79023050704,37897.823768728405
2015-12-10,25328,42125.94518352589,42130.06824981555,40800.28107666979,40128.395686451026
2022-04-04,51229,40163.89077115388,40242.99976752304,46680.94687035558,45314.03647712724
2014-06-10,26712,35277.412738052706,35248.710914224604,31655.38861251778,32584.055997778116
2021-01-04,51349,47332.97372811079,47449.692515830524,55332.009385657155,60371.737119176236
2024-11-21,76689,69912.56329749692,69973.49469937396,76881.78161502935,74213.95299489859
2014-04-05,28549,33386.560950664745,33437.6194169255,34941.4368745677,31453.92360303781
2019-11-19,38206,42957.330309787736,42862.42691446411,39966.054900960335,40638.784238611945
2022-03-31,51633,43580.28422604099,43703.1568471911,51691.94273337282,51639.075237644414
2017-10-06,29510,36373.97529175454,36342.246238576074,31358.506239484137,31976.027188930748
2018-03-02,30473,32505.175408578132,32549.575820308804,34009.00077622028,38653.758506152815
2020-05-19,47036,57780.97788643616,57585.485297955296,75016.61602519792,67422.86664514661
2024-06-14,71691,53997.44878907765,54025.95371842904,58575.543057892406,57442.24689197549
2015-12-14,25256,38253.24431170469,38211.015930033325,31592.63903734724,32111.483229592366
2015-08-10,25026,37171.07104643273,37124.402512262066,33839.77737558337,33042.33404846349
2014-02-24,30927,41300.058191785356,41310.42698315291,44373.254333198856,44328.50735339459
2019-02-19,33753,42390.70459271039,42408.36465642257,46705.20007589777,44928.17188211648
2018-07-06,30582,35165.6876376094,35183.43482618395,32028.490255248013,33383.92385024136
2016-05-17,30045,35622.33823520547,35504.1469563062,33481.95007380935,33128.86166232936
2022-07-26,50612,36514.572455933434,36545.6326922772,32906.921633526224,34343.108809900674
2018-08-07,29534,35122.42797228163,35130.567169265865,31323.55894059355,32371.687026763495
2021-04-30,46431,43676.85724079349,43798.38463927305,51662.56515011545,52695.52865794411
2017-09-20,29780,38089.9666628903,38104.71639632667,34543.62197737322,35268.26798635345
2021-09-09,47021,38367.09110753631,38323.80575359729,34474.915387809844,34702.69957155943
2021-03-03,44721,53300.00547289543,53440.213664633586,53379.18538282098,53081.15605701953
2020-11-03,51509,45441.21529945382,45530.50968401079,47214.501047247446,46867.95832248077
2019-10-23,38124,36664.26982533236,36641.77282605569,30544.668524062385,31166.23838909641
2014-09-10,27194,34262.501471967946,34210.80544817166,30495.96803336602,30918.314566844463
2016-10-28,30131,37293.60281178989,37278.07274090444,31663.314787370757,32813.736472782046
2020-12-01,48641,49419.548685004294,49522.71624595446,50018.398176732844,52644.85175611406
2016-07-27,30878,36405.734834733405,36377.951179273274,31498.34147791337,32538.02663936882
2021-11-03,46961,41271.40409206085,41344.051166331294,42871.498068365516,43911.75814558428
2015-06-29,26508,38728.370205002175,38757.0696859818,36332.75793723102,37981.227550384225
2024-01-24,62072,36085.58029714032,36087.92106824121,35026.827240803876,35774.67699909317
2016-07-19,31021,39752.85292863723,39739.36855162428,35640.448781376326,36910.66764939514
2017-04-13,29358,40837.089443104094,40855.41920708546,39981.14765080648,38886.879312383535
2015-12-31,24952,36601.90188921527,36634.48567583106,31923.737442042628,32095.769154333
2021-04-14,46317,41722.74110419022,41723.22655347852,44875.15525985791,43677.75817595582
2017-06-16,28616,35956.97384969079,35975.51123052632,34727.59410777615,34883.76103304845
2025-07-24,98668,68617.02207490963,68603.23842678647,75598.47701039753,76849.004752543
2019-06-07,32867,43837.3320046078,43791.08826577597,40914.20050404116,38473.07624802605
2023-01-16,56414,39547.39370664062,39600.21295677069,45055.27916338372,48119.395071656996
2024-05-31,71703,39624.836424392706,39727.5652309846,43261.59100682164,45319.32624464201
2017-05-22,28783,43068.05569164417,43107.102482417846,50120.26683099085,49601.67992358837
2014-07-12,28413,45445.9643143912,45553.88033914713,48239.848941821285,44546.41040963389
2015-06-01,26690,35032.716898668354,35049.86372896292,35375.26341325419,34970.23229775717
2018-11-16,31017,40340.54647271373,40344.9207201267,35786.817948871656,36698.11822845661
2014-11-19,26710,48219.015726564176,48078.230376064224,46175.64840455539,48835.712830614706
2023-12-27,63292,49259.7069569512,49328.38327774701,52041.36529844054,54229.71395458677
2018-12-14,31437,43224.3865466361,43263.91997349636,43270.06860552652,42773.630512913885
2021-12-08,47900,41655.214082597515,41649.37372013887,40621.50217410798,39936.08147390551
2021-02-05,46978,58846.118338754706,59015.11623175483,54445.320636068296,50161.24701357818
2018-05-21,31114,38199.38505486222,38225.31732068844,35264.22672808164,36396.33834217788
2016-04-27,29319,35831.122178536505,35795.95393135576,32452.45626161968,33019.435316687996
2023-06-14,59249,40434.05192517793,40435.0120776166,41719.30197792817,41933.35079932799
2016-03-07,29597,35702.50409563938,35659.32346696061,34035.53983396392,33906.47059794799
2025-09-08,108393,103147.5372920976,103162.3539212951,114460.13953211925,107915.26099105325
2025-10-14,125753,125235.34220388188,124904.86881562977,117123.84567617302,117614.04011278962
2018-06-12,30952,36306.403030195,36320.97159256173,34445.42152013951,34999.601101228465
2018-03-05,30429,32170.233315778616,32216.06318863244,33668.64291575946,33745.32708157846
2022-10-07,51716,60358.088519192446,60412.266428808325,56366.68504120401,54458.436264272656
2022-01-21,48243,38575.82448364494,38596.28444352137,40463.10030862145,40664.752013745274
2016-02-29,29437,39691.89365857125,39685.67408637099,39534.33142728846,39077.84565258779
2015-06-18,27031,35026.050464536806,34974.04164351321,30872.361649154103,31053.263311945757
2024-11-20,76008,59547.90693586498,59614.39414795667,62245.79241354252,61917.74246466584
2022-08-01,51260,42179.04711780374,42248.49529328209,46684.705709824935,44673.0913174573
2017-04-03,28720,32479.891257199066,32513.52706215383,32957.459896116285,32732.352629847042
2017-01-05,28890,42834.11519868107,42930.97479426695,51226.99157149363,52679.62441048623
2025-09-24,112475,98837.28607391349,98895.57359007024,113403.76177013153,107051.464025348
2014-05-09,28741,56203.96120924637,56282.492124336946,53820.303215613065,51241.128803625405
2019-03-19,31985,36370.107645541415,36337.60176571809,33996.99732759079,33872.2580084968
2022-07-04,51808,52165.4639910025,52294.23075508648,56404.83586155114,55781.1691176222
2017-07-25,28490,37286.93516932479,37285.68913897565,33470.57853410062,34150.84262740383
2019-12-03,38267,38963.372681921544,39023.10381770012,36599.95506008263,37253.995028465455
2024-03-15,65367,38571.108661651975,38597.67948502031,39340.98533655948,40433.26647064864
2015-01-07,27159,39931.67732393262,39867.25162448834,36918.67981504918,35167.65620509363
2019-11-05,38458,41456.129637464786,41530.71965744996,42877.82612722306,41274.95819097133
2020-09-02,50577,43153.83614126787,43236.75794443453,47160.077528067246,49266.83458128693
2021-07-15,48358,40411.12562573971,40375.18503917651,40379.1188962268,41234.68146451088
2023-05-08,60916,50693.23334137001,50754.19802183913,53845.259241885855,51088.21413504899
2014-11-26,26397,38010.30368768522,38015.35896488183,32633.162771626165,33718.165119364414
2022-10-20,49938,43433.08835018271,43457.916306604166,43879.46884119947,43166.06300625799
2021-07-14,48265,38738.45835795494,38676.43072131152,34687.42131224733,34680.640354855204
2023-12-18,62057,52684.408963077134,52772.94297281759,61491.45509651871,61784.32685625272
2015-06-08,26693,35740.119278702085,35739.31593059492,34156.73054194723,34860.75959282743
2025-09-29,115734,102675.70687667464,102643.54270628892,113717.9681037812,108971.86518438738
2019-03-12,32015,36994.43713659837,36977.535341143855,34893.75545440592,35285.50788586707
2021-03-01,45021,49961.35731627879,50044.470707637585,53661.46530569889,52469.284577689235
2015-02-19,26294,39583.52199225426,39552.545487377036,37719.68302472998,38566.53510914093
2018-11-21,30839,35583.04115828939,35589.49473228234,30615.891467193327,31305.279299456986
2022-01-24,48537,39550.9350380056,39568.21454820872,40561.82332070061,39050.823993065125
2023-10-19,59935,64862.400478383264,64965.991536245114,70496.42044013207,66452.4735733394
2023-07-07,58747,43703.82403567988,43696.944515245326,45646.384739012654,44421.9149708144
2015-04-22,26489,35773.804756822625,35725.66373441596,31876.507549907026,32284.469279761393
2022-03-16,51105,66586.14465781915,66674.88146201741,66358.22828016791,63095.63854533271
2018-10-03,31025,38889.39324868479,38951.78448295361,41048.949831244296,42380.47472091385
2015-02-16,26742,35556.44493331232,35564.61979390956,34536.57504776994,35212.45557378711
2015-10-08,26351,42962.446271593435,42931.61524397723,40256.59777728538,39645.258463731516
2015-09-22,26242,39579.459799607386,39495.595660037136,34856.277576016844,35055.52253159091
2016-08-12,31080,38583.82652579478,38506.34968339345,34783.87772186997,34832.818402312216
2014-07-01,27975,32503.80828620555,32507.58412748846,31377.84494511561,31483.654910761063
2016-12-19,27392,42601.968131937254,42640.26805581773,45002.96466786414,45098.93974783631
2022-10-04,51127,54967.27163326113,55104.6528932284,56346.55616568908,54953.16906418405
2023-09-04,59385,44146.33754154722,44235.929808245135,47132.93265593741,46130.24301603118
2022-02-07,48168,34622.82308220074,34623.920200189605,34435.098334282826,35333.52060524578
2020-12-07,49923,59164.24584950933,59079.38701832015,70142.967831825,72133.60147382988
2016-12-01,28062,42044.48885018088,42100.921513907146,41795.86765821234,38040.45385036107
2022-11-02,50414,37672.571765050365,37725.52601107591,35555.011982666634,34648.69381529646
2019-03-25,32223,37875.482983381095,37861.14271015585,35712.14304641189,36254.03906195898
2019-07-02,33779,40702.38539280258,40775.61613828796,46043.593630542695,46436.56598964248
2021-12-13,48106,40622.42637850356,40627.889472199306,35533.87295294848,35729.62616793003
2018-05-04,31068,32446.71308852112,32489.816285441626,33591.78708724189,34429.96183924504
2019-08-09,37558,68465.53809434033,68495.57307478867,70209.49570466967,63893.80367499526
2024-12-03,75934,45221.95103575999,45309.6874944821,47115.47677670256,47238.74718054956
2021-01-07,50918,52927.23600968247,52853.13704588346,55813.17966689099,56559.75075731395
2014-12-23,26468,43702.43100210627,43699.411956886084,42779.79639404733,42368.32586129012
2017-10-10,29768,37262.19144255995,37272.118487533706,34165.528619790646,34391.988247938956
2015-11-26,25288,35931.72668821605,35935.44902139455,30824.682976847012,31672.069431818425
2018-03-20,30284,32225.061057364208,32217.76711831305,30952.424936056577,31827.891554689846
2015-05-19,27309,40763.659781617636,40725.239761965626,37368.16547705733,37392.745937822634
2021-04-19,47084,44723.59658649898,44650.38979539587,43092.723428024336,40239.0497659549
2025-03-04,86007,52811.54921159928,52739.61910521769,54370.601385145375,58967.24193565498
2025-02-07,84378,68656.85459220692,68643.05285745877,65235.99519485279,60062.85627206314
2024-06-13,71030,56921.37145190451,56944.2961104049,58063.46846498653,56330.24892413352
2023-08-02,59117,38288.541897499075,38350.932093712356,42660.339479766,46471.36216925934
2014-12-05,26279,39949.70276947545,40015.84445318838,41508.975577176316,40105.02308921748
2014-10-29,26864,40397.76316242217,40447.11409368625,36707.853404535934,37550.08062536768
2017-09-12,29953,36804.592170078526,36797.57831302438,31550.43673041079,32159.446305564496
2016-10-25,30034,36901.85029507589,36916.57757273107,31347.73682588323,32535.469471041044
2022-08-04,51802,40969.15805125185,41046.686061637774,44644.629761651304,44649.86119146254
2024-02-15,61306,46189.69150801649,46257.85716166295,48795.459351704565,48075.694995759535
2025-02-20,85830,50872.22530233401,50859.06991332547,57087.45373243302,53817.709873688116
2022-05-17,50237,44443.26998419399,44468.535695814484,46933.991114303135,46145.830051533216
2015-04-07,26829,40249.106204242955,40264.16210857521,40347.64756974051,41336.06065783491
2015-10-13,26872,42014.68861253424,41945.7265719887,39953.79278550255,39115.459080154345
2020-01-06,40448,52464.06736180991,52350.617883692816,58877.39621925247,55883.70331977238
2015-02-23,26178,37479.49133273655,37427.47128666552,34994.847117359684,35029.40758361944
2014-03-05,32351,51763.95145014038,51888.050268480205,53231.16487783257,51054.408987384995
2020-02-18,41311,42121.89214370318,42057.13963619032,41259.55589354248,39988.422810454074
2025-01-02,76849,43386.45230641852,43484.41042783724,51660.419333768055,57050.89367618731
2025-09-15,110045,61563.66718107132,61436.51456734791,88523.75087893152,86511.99742402832
2017-05-04,28060,38102.346937606664,38171.35395660313,39149.009610985224,39761.101544943405
2022-10-31,50070,39560.87042237507,39608.251187374626,35648.69987384508,35213.39040320731
2022-02-28,50530,46907.14073438573,47029.81012383438,52979.15989537797,53178.39037813588
2015-06-04,26564,33494.558979129935,33541.43439933159,34186.71583862474,35306.506467181636
2024-04-18,73016,57567.77318320565,57634.69551744452,58357.16774844828,56126.510296385095
2024-10-04,75759,45112.7774537036,45203.2218657668,47131.94903138627,45478.19666361231
2022-08-16,51821,42215.65101994031,42225.62721935711,41858.82903280574,41732.77800851817
2023-04-10,59867,46447.90013886939,46483.49847362116,47623.37411446464,46896.08109595097
2021-12-23,48012,41341.13667062746,41378.51978366275,36328.45090613381,36971.21690614735
2023-04-27,59913,38126.478260947064,38147.074919960745,35930.44823302711,36130.022990430414
2015-09-01,26623,42532.62162610262,42594.432385741384,46659.488173835125,44478.01916377548
2020-03-13,40382,84798.48597147135,84576.2621305966,65670.20819397367,53503.08565166153
2023-06-12,59595,35406.52983214588,35400.25181909275,31578.179021369288,32254.824220554237
2015-02-06,26968,42660.50247725076,42585.72125217796,41131.44774697618,37624.374283714315
2014-10-21,27394,40794.15205250678,40786.8579949634,35686.66780270568,36708.40055374492
2015-08-03,24696,32549.73688547119,32566.40589579443,32060.62251170847,31076.787251582446
2022-01-13,47759,35421.77067522773,35425.26405467543,34510.31953975347,35329.44498453689
2017-11-06,29363,36115.588443889086,36109.20001003423,31250.242805200505,32238.953519481365
2021-12-21,47933,42048.34292359026,42054.77572955835,41361.059344986985,40426.1107316633
2023-09-27,57759,52052.60316864168,52101.31711866574,59573.78191888097,58234.43166285574
2021-08-31,47060,39142.76808467397,39239.21786911441,38107.471082846736,41487.894158612464
2018-09-18,30811,37475.338607185215,37457.81563249583,31550.43673041079,32278.919976221387
2024-07-30,68617,91420.97809590513,91711.03434667633,83975.03984927843,69728.703805307
2018-08-22,29627,37520.56513018845,37565.985779259645,35332.14629651052,36623.11650025427
2019-01-18,32089,34679.79960024911,34657.69402905299,34006.4630408294,33701.2980604169
2021-03-12,44737,40135.98154358653,39977.61083337779,37439.08666413159,36279.57666765874
2025-03-24,87313,49203.10358808673,49210.09082419737,48022.188194436334,47042.83677673364
2020-09-30,50232,46420.20147371187,46545.847998274636,52026.80858765822,53268.02465927521
2025-01-23,79594,44002.37529766038,44016.68078161362,50938.04497795319,58264.47566264361
2020-11-06,52190,59640.17862084165,59516.05615983339,92878.0544239694,80417.37635178857
2025-08-08,101212,71564.72870505895,71437.49519564028,79000.52717981227,71607.21357560623
2023-06-02,59656,40718.44744763358,40795.64567741833,47048.103803013786,49115.24112583847
2017-06-19,28473,37364.53565106858,37386.639864836994,34595.632629308646,35142.379534544976
2015-03-27,26564,40757.24301658586,40744.714331782634,38108.72261340317,37454.11092190006
2015-06-03,26806,31778.64335522328,31815.63634727556,33133.3368298521,33540.7107211326
2025-06-30,95678,82483.26633726213,82708.61842362207,77336.99861647347,77966.67993655053
2023-02-21,56157,36282.07270665667,36316.9882847471,34681.58618594492,35547.93614660244
2025-04-02,90364,76688.56537823846,76741.12719678346,76202.97817337603,86754.32636718838
2015-04-02,26548,37495.76013007459,37501.84702002998,37399.421864003285,36489.33820784764
2025-03-25,87566,50575.14465949437,50595.66898066664,56882.662959328154,54464.703571996884
2018-08-28,29981,39960.88982610052,40006.879616407925,36950.20897116606,39067.67110165595
2017-04-12,29189,38444.07810609763,38448.31016823718,37624.087513158,38548.138790456214
2021-01-19,49011,38805.86478263714,38722.13019584104,37734.88814981427,37136.974127837995
2023-04-19,60172,41995.82177473102,41966.93338493472,38836.66679008715,38108.16632125169
2026-01-02,135793,90974.26504366081,90885.62289973401,75082.76528625327,99238.57325592337
2024-12-04,76036,44046.36511606379,44129.62307925586,46598.70127136833,44311.630783514694
2019-07-30,34737,38437.322241063615,38391.78541105091,36822.915367759655,35651.71749663959
2017-12-13,28377,41444.87229931657,41491.48703421034,42673.15166722659,42336.412941683695
2024-10-11,75738,52634.29080220661,52646.09253860452,57173.343179088595,56831.1605856213
2024-04-26,72107,54449.72431547649,54536.72188371995,58267.99586380322,57441.744274265504
2016-02-25,29735,43451.75560632262,43369.61797250376,44981.11368685167,45106.7679430025
2016-11-10,29986,46827.087132847635,46811.29382908069,45820.15691532113,45811.800250485954
2020-10-15,50775,47750.453454483395,47645.046493286325,44890.59352988883,46196.90698915648
2016-10-12,29662,38484.78681543827,38518.82220921835,34784.28882133882,35365.25220573479
2016-06-22,29898,39200.83244005301,39164.77278412562,35603.45863586748,36558.54573456772
2024-02-16,61498,44057.658892689506,44116.17983321661,48698.772023105244,49328.160793715775
2018-10-10,31247,39344.883358890205,39367.301365986335,35810.95158941161,37161.527831945685
2016-04-04,28086,36021.17137452318,36077.953495025606,35161.494511372155,34372.743429595255
2024-04-23,71590,53704.60686621614,53723.41612386095,58589.6338098706,57808.89164770258
2020-08-17,53435,79518.84365743896,79444.29493658704,80032.30246521872,73414.52984117474
2023-02-01,57599,38152.45098603436,38219.13429423819,39724.04676029282,39019.48683306072
2023-08-11,58629,39812.10517539604,39840.450569633715,43690.08931426879,44148.03960573883
2022-10-03,50245,46175.64340422583,46272.3011048778,47838.489693968215,49116.41031852436
2022-11-23,52259,42815.27126374618,42841.46297526514,43364.392502709336,42710.56164627145
2025-03-17,87976,67517.56655820005,67600.53990033412,66846.35502691707,63420.91647190307
2020-09-23,49576,67579.22387805063,67467.02612167786,90329.86947333679,81777.05508653165
2017-03-23,28816,41091.76855594784,41112.5673906981,42385.133071642646,42075.75962026293
2016-02-17,28781,49269.33556434115,49240.33733207499,51931.1084167507,50368.97658583281
2019-12-04,38188,39963.44720923412,40029.521618809646,41903.44153110642,40897.623965726256
2016-11-22,29182,40761.612516615874,40800.688168693116,36009.63258813742,37111.6955341967
2024-12-09,76999,48217.30220743548,48158.812364716985,41911.815392812234,40672.47470226804
2014-06-02,26626,40997.29506096378,41053.627202479256,46446.29895782984,44066.268008065854
2014-09-02,27340,36629.88195472076,36653.12233511074,35627.90762744571,35471.76707066652
2022-11-01,50250,37289.2947656219,37340.699889155134,36154.17492690933,42377.83668881073
2014-07-25,27973,37368.24702393919,37354.37182777854,32353.703276813732,33225.41676315045
2021-08-06,46682,49977.54117847045,49918.43667574672,43559.86607201934,43202.7806645911
2015-01-15,27493,41624.43185758144,41339.23602369301,37942.9633355762,37806.241247422586
2025-07-03,96801,65415.91367246692,65244.940083693866,81216.82393765743,88499.47995186482
2016-05-05,29868,40211.014345185395,40290.360731880755,46064.16795085184,46044.07771532256
2018-04-17,31257,38089.15881470636,38103.03393748593,35397.23683217457,35749.962513845334
2014-04-25,29741,37735.38210534603,37748.46327914413,35816.04829775487,37387.75575728848
2017-10-30,29349,36986.39041698141,37032.93376170422,33798.06315257394,36472.075201706895
2022-06-23,50608,37821.597141164166,37809.92273022755,34770.6857367112,35159.23517605972
2025-12-29,132595,116707.99256516692,116445.98177852489,117123.84567617302,127984.36100252549
2017-08-02,28486,32197.746727973157,32229.175453013217,32821.603937936736,32293.59900713842
2019-01-02,31934,33352.40525687064,33401.99756696754,35317.35280379799,35062.52768953903
2014-09-19,26497,39363.621671976216,39325.42910118561,34423.77205351646,34470.198570700595
2024-11-13,74514,85447.38616204378,85589.67295412731,96562.34230980482,74960.47162180208
2018-08-10,29706,34683.00159037864,34682.04238711603,30570.45064264918,31417.02683549415
2015-10-09,26515,44073.72547113791,44040.920716313034,43992.021895661564,44783.739689082104
2021-10-29,47502,40313.095066444155,40406.00294436471,38403.90323190257,41479.97559976609
2016-12-16,27308,43735.861720294284,43727.75649498434,41225.36131472278,41329.469044033074
2021-06-02,49108,35984.94992006327,36040.636885668515,36765.129587249954,42432.472903259964
2024-02-27,61839,33476.81007915188,33468.8243359568,31651.753296490875,32673.812624541788
2016-06-15,30262,46062.63040812792,46062.89068645501,46094.999460436775,45999.965775674005
2017-11-15,29528,35372.87958419414,35355.794475079296,30581.128375751327,31248.807546758788
2023-07-31,59628,40189.62442228482,40261.1967042689,46988.26976214747,46560.86879121889
2016-08-17,31314,36161.29006214647,36150.42283830688,31118.869680816886,31874.624012140117
2021-01-25,49144,40692.173886538774,40611.76913564443,38867.9511012041,38019.51871348113
2024-09-20,73977,47842.552175945704,47811.72376930265,43445.38895634308,42743.07968357884
2025-03-12,86661,43858.42353996591,43764.57716799983,42457.28622765321,39749.75350425636
2025-04-16,95163,125887.52734656013,126006.52208298183,86883.11110127541,88395.8321958831
2021-07-26,47455,41099.06897625924,41101.0727512926,44140.132416084816,44013.55323754084
2023-10-05,56112,61493.70374752354,61659.19039973895,57579.07904568193,54566.37101849035
2021-06-25,46757,36229.6382189853,36182.262876262204,32048.308566663247,32752.667457416293
2022-05-12,50249,47016.91723923244,47024.83550243644,47002.4482031928,47300.94825705351
2014-09-15,27006,38069.97361758879,38015.98964133729,33978.22859103592,32916.73067675171
2022-10-25,50353,39036.15179165402,39053.46907560236,35380.36013865028,35933.976020728325
2020-03-11,43334,48263.155862457155,48117.575280833815,46892.43825745743,47550.3622850073
2020-04-24,46550,55688.51998315609,55521.85589596157,72511.29362791937,63717.67627771118
2021-05-25,48780,38164.93283474646,38094.135645833514,35401.125814633044,35438.568890977935
2022-08-17,51563,42841.91283019268,42871.70777122693,46253.613276427226,46765.91918344835
2014-05-23,27528,49749.5276041375,49785.74015497876,53120.56010876859,52020.16082736718
2022-12-22,54066,45547.89019226536,45574.650875409876,47892.32496258934,46967.48531291538
2025-04-03,89763,77198.60683382172,76850.81510353315,77010.72842733428,79840.47306253893
2017-04-20,29308,34636.43428006118,34636.74379480283,31244.54343558434,31820.784885546538
2021-07-20,47861,40137.7232894594,40082.47513094731,35920.52707421532,37115.95717426611
2023-11-10,59697,48213.206893621245,48233.45003580743,47068.94776356717,47022.87598590537
2021-04-13,46674,51597.89838412135,51582.9346318653,56772.02522073901,52283.75578413766
2022-07-08,50832,57815.52708845474,57878.3250585781,56647.24262088603,55138.032541552064
2022-04-11,51985,40540.12795285541,40507.969497304584,38268.31388563775,38244.233714481095
2025-10-22,121069,136158.8030309237,136141.08296967827,117123.84567617302,117906.31386172022
2024-07-04,72151,46134.29168323426,46236.31120475778,47551.02177159262,47610.60083378223
2020-03-04,43235,47356.75861341307,47470.74554997146,53252.80113865882,51030.48827925733
2022-05-09,51026,44313.47654647063,44316.39060916416,46231.28114575975,44257.62463673758
2025-02-10,85308,73099.1966208478,73131.45413792905,68397.38131442858,68462.49470884599
2019-01-24,32016,32832.099884673225,32831.82937365859,31326.197406423016,32889.68327165025
2024-06-11,71346,53573.66902507839,53625.788788802085,55527.12632902447,53289.608740538424
2025-12-09,128853,50909.049887193134,50706.57439003777,46159.72054096503,46731.045665158395
2016-01-06,25756,40726.98452804992,40630.433439958644,38123.99112378203,35464.541583556726
2015-02-24,26077,33416.51600251202,33380.09909271203,31250.319287108618,31993.50886921466
2020-09-17,51498,41785.96849407913,41611.54494319177,35378.12298860723,38350.651200049535
2022-02-02,48049,42096.38240297234,42181.99483498191,47192.70657170594,46581.08845350064
2021-07-09,47898,43215.16743781568,43192.4948152202,44752.32083139162,44492.326462196106
2018-08-01,29462,35888.75643867112,35923.71291251719,35671.16625565533,35352.86653366532
2022-08-23,51458,45755.587610366114,45813.61526097852,51228.14175007963,51253.63142488565
2023-08-21,58164,41453.44179987938,41482.74969207704,45372.92683820537,46598.733279936176
2024-06-27,71303,46257.28147247902,46303.44621722182,49869.57030314291,49285.818194242376
2021-06-22,46838,60251.73471582664,60325.19549656359,59501.84965931529,57357.22554663106
2021-07-29,48210,41533.91383496099,41536.41082203579,44195.90778566224,43466.30865653056
2016-07-12,31001,47301.706563342465,47247.03565614393,42388.33898149533,40921.0628925196
2018-12-28,31506,40338.045002957035,40380.21282589099,35484.08029417749,35574.867102749005
2025-07-31,98358,55360.297673067675,55291.50627220818,66899.9781035839,63703.59405813952
2021-12-29,47673,38274.35604813995,38280.808667951926,32068.932222570602,32575.951050421307
2019-07-31,34714,36660.93643752337,36683.5564474535,33708.246018169935,33320.44138883655
2016-05-23,29682,37320.97579495635,37286.18336221422,34506.32517830899,34316.42231068082
2015-01-17,27627,39567.7960986457,39664.388851097756,51846.226017895766,49284.10521993516
2017-05-15,28008,32882.251555881696,32872.19376633888,30730.22183094111,31531.054349007427
2016-09-16,30851,37133.97311948202,37136.93030778015,31587.74727917778,32294.83526999141
2014-02-27,30839,34084.15156583826,34130.81277441901,35001.367489045006,37357.68453064281
2020-12-18,50100,52657.87528367735,52602.63705664972,46671.50360716282,48558.142910294075
2021-04-28,46697,45482.532647753746,45475.72208246246,43299.70139408872,43688.40009327582
2018-06-06,30755,37403.91246840177,37421.88347339972,35720.084455097436,37978.40270238872
2025-05-07,97065,102047.72934871758,102121.14316162668,87375.57453907405,92420.33926687945
2016-08-22,31395,36646.79250386596,36630.33024957182,31112.74909715372,31977.41578379701
2014-09-25,26919,39468.877131940404,39408.80533345163,35439.71329703478,35865.5136613141
2023-10-03,56385,64300.94516973987,64478.83893502126,71098.74798021045,71717.14700472467
2014-07-09,27667,36488.28820120724,36464.89315748404,34102.420071173074,34418.244747331075
2018-04-10,30798,35378.79082257921,35376.36067972194,34233.92811236122,34329.83628620699
2021-08-20,47110,42491.83865618598,42520.28727975539,44476.42036329445,43899.72674704755
2024-08-22,70796,52409.00136412526,52421.64987665344,61141.94506715402,61002.46951789768
2025-11-11,123897,95961.89304229236,95837.30531304877,117123.84567617302,118408.71889790148
2016-06-28,30999,54373.552433608755,54424.74888281063,59535.606674899944,57823.75278563663
2024-02-21,61744,37859.43372521738,37916.0091999413,43450.77396116928,44266.379761231125
2016-02-11,29706,61148.592442983456,60975.618219509,59379.28674635771,51358.136104798345
2019-11-04,38734,41695.490288594236,41770.02532252563,42541.365568331676,40068.949042599736
2022-04-05,51619,39794.31954293631,39871.65832556382,45965.36105939569,44655.785057717374
2023-05-23,60220,43898.33822328402,43927.18133094118,47071.553630508504,44991.53964206924
2022-03-15,51522,61298.15729770425,61288.72086506655,57101.48631880271,57539.576902423854
2024-03-01,63135,45951.22742156817,46055.23603025175,49321.50254857788,50809.045398255126
2017-08-08,28357,33745.799032162395,33737.80000369325,30735.665816748864,31572.78637534333
2022-11-10,52033,59645.490155900006,59688.536447174956,57593.88163370075,55419.32963136264
2025-03-14,87924,63136.261139169364,63234.818166911944,65912.47022216645,63565.93326314939
2022-08-19,51517,44631.34162342781,44695.460720522606,50743.1524151207,52349.60608171358
2020-11-12,50652,65160.34648995564,65136.16860378203,63126.94705191539,59961.49689972178
2019-09-16,38161,46967.5886755848,46883.5603676593,43082.186775087706,43629.83170614708
2015-12-28,25077,39798.229115953014,39821.94843973941,35363.556849002336,35631.774149108875
2014-04-15,29342,42232.11155582339,42168.03303470478,37870.29967053613,35979.7548297648
2021-09-20,46297,49862.91991531077,49881.43278535922,47911.27138709722,47988.630516717225
2020-04-21,45383,57575.52366669774,57511.43876042924,59869.36764981121,56188.0462928716
2023-09-12,58642,40498.297553904056,40516.22615404822,42415.67943393536,43119.02394449636
2014-04-30,31014,49427.18724283046,49482.29429939632,50903.81677094213,51028.83083749508
2014-05-20,28424,39793.83043151765,39769.80714252018,37439.88493112409,37657.55440939975
2019-07-03,34077,40220.032509039935,40293.38227014392,43433.517073065275,43865.06730450872
2017-12-04,29059,37564.50048958635,37619.44192471185,35847.18687417789,35711.42017227849
2019-06-11,32576,36159.88956687476,36141.564521871886,34408.37645511117,34384.95868437739
2024-08-08,69396,43853.52093033353,43833.185202064386,44910.39709242073,44062.45792963715
2017-08-23,29090,35433.663465759295,35450.14898130337,30611.768415702667,31596.196766553836
2015-07-17,25505,38879.959069118304,38862.04573354263,35140.96497857672,36085.94057532578
2022-07-19,50395,38944.05689236212,38975.50378691033,35918.979643508515,37976.85873655427
2022-06-15,50433,47383.32986823539,47394.809162942984,47304.77765250334,48552.39307397804
2014-10-09,26847,38335.29838304492,38275.906831153115,34000.52811122241,33765.29451173818
2016-12-28,27539,39075.69963307571,39117.89645890743,35393.522833269344,36040.259657189774
2017-04-18,29518,42550.960535750695,42554.307450797,46572.84368683762,45502.864605620656
2014-07-22,27939,38964.99900654464,38900.46368201913,35131.66270661363,35174.18550090262
2024-12-27,75783,46284.328595885636,46285.585231102916,45429.57430930935,44220.979297905404
2023-04-13,60987,42106.26298283943,42089.629047636925,44855.69563171555,45205.31067487282
2025-03-21,87785,46840.33903404315,46767.352750675804,46175.98572046226,47097.43181457708
2017-09-08,30271,39804.19347930304,39775.617333484064,35621.11915141899,36862.87774358636
2024-06-12,71796,54167.1749575121,54185.35706022305,56236.91923378732,54034.09374633746
2025-10-07,120354,118708.40482104602,118546.08484498931,117123.84567617302,115736.7729454279
2022-09-16,49451,51209.59208070753,51217.031887480116,53512.87428637266,55448.89156553725
2025-04-25,95071,68476.14081859731,68427.09828448773,74291.48433670274,72056.0603775344
2021-09-15,46949,37032.94762393024,36991.6901980384,32611.36211697866,33416.061802356846
2016-01-22,26168,39444.674718062335,39415.807491371415,38163.1024329587,38524.90346553157
2020-01-02,39220,33736.31541442109,33788.8002063823,35298.754221338466,35364.69198443215
2019-02-08,33125,34496.167464590006,34485.760329975135,34228.81629594275,34647.208074390845
2024-01-17,61561,41168.149353031375,41167.14341085663,49317.431872850466,51160.476480574915
2020-09-09,51486,46611.22095087118,46459.23549999393,45288.86324319273,46733.497798844255
2021-06-03,48293,38601.91983750245,38669.930096048054,43648.546641281966,44876.021568330696
2015-11-09,25699,43528.910106435185,43516.20844270276,40870.92664513999,38948.87062564274
2019-02-20,33719,43626.17320760318,43672.2797819217,50761.59129243063,51732.714714882015
2016-10-14,29638,34023.16371716019,33984.80216156363,30519.086352478706,31208.54170710573
2023-08-25,58273,37639.57013019381,37654.27642413498,35143.60883108021,35998.872673850834
2019-07-10,34765,45489.45285511667,45352.85742304381,44506.79102378271,45134.81362198165
2024-03-22,65686,37364.50375594277,37364.102014321055,35232.083312960225,35632.02948930503
2016-06-30,30851,53783.68608605521,53867.445257726955,59906.94546684189,58576.37689458616
2020-06-26,48363,44757.7993758606,44676.31472626069,44282.96205426773,44839.49907357243
2024-10-09,74512,51758.083262211876,51790.736929378516,55849.902649163574,55321.26978961227
2014-10-10,26855,38736.21617296151,38685.80227944637,34254.56160621727,34162.62510690705
2019-07-08,34535,45983.58307969795,45904.733106990236,41900.473442609386,40969.16518113498
2018-09-04,30221,34669.20925318895,34715.423843266646,33663.95665286153,33878.12352346459
2014-10-06,26637,37423.31528531859,37429.816349131914,34509.84913187704,34777.024061561795
2020-01-28,40200,39674.87753343038,39633.51354854096,38329.06533616821,38368.19323848482
2020-02-07,40563,43858.57338804829,43807.81529099106,41730.89425885214,38879.10458127632
2016-08-05,30779,37672.173604491865,37732.634878412384,35944.8563080717,36051.25279395395
2017-05-24,28719,39252.7656029587,39281.5099047406,40354.661454809015,40620.55399277788
2025-03-06,86002,53069.705304750765,53023.84455551153,54045.64477061008,54159.292075489386
2023-09-05,59301,40851.24646358758,40927.493687123984,43316.75727174343,43503.929841814665
2015-05-08,26903,37033.20743937243,36975.76067900697,34100.68151409181,33795.53810966369
2022-06-07,50929,38566.47761878146,38568.549900538,41034.14621621407,41141.05711161244
2021-10-21,47314,42353.040800846975,42360.1290672078,42941.0158679798,42718.592404951036
2024-05-16,72896,55505.94958687703,55571.79298622056,58444.72707265958,57386.42654019632
2020-06-24,48105,47556.785802148785,47359.954104042794,46460.61795988746,47273.72927805568
2024-04-05,70701,80606.46787845777,80869.64438834495,75422.81856274654,72764.4495554051
2022-07-11,50709,57472.71524571681,57578.680117028896,57363.62056217861,55438.769356758756
2017-06-26,28426,33798.33217270932,33834.49248912193,31702.228302339354,33184.766575551366
2023-05-18,59758,49344.99299964389,49383.530097353476,53138.73550935473,52210.69079152093
2018-11-14,30838,45253.79172306406,45297.94447010223,47541.401018945566,46059.725781436144
2025-06-26,96452,75694.24746125899,75796.42751701392,75516.26356964446,74404.6513425937
2020-10-29,50276,46585.50060285756,46542.323979889654,42343.35298535858,40921.09751575568
2025-02-25,85589,45757.35862092572,45709.01623524095,43444.65528890099,41576.918528514645
2024-03-13,65717,50240.27806440824,50310.72986007486,56080.09391027869,53349.79649142779
2022-05-13,49944,51823.806009450134,51868.316480277455,56975.11290997715,55290.16639715606
2022-04-14,52793,50299.088631558494,50375.32291573861,57347.80678811205,54649.22596074495
2025-11-13,126668,133418.21291826433,133298.4558728289,117123.84567617302,119017.01407686796
2020-01-10,39849,46664.78416143306,46580.06886473538,47651.938654817524,43921.28670984014
2025-10-21,127365,99362.02268320434,99630.89535402493,102638.95942867776,94389.35904537099
2023-03-22,58684,54921.92291946938,55011.72131410701,57632.58597074989,55961.338280588054
2025-10-16,128735,153870.02684059547,153856.9375710275,117123.84567617302,117849.11935864006
2018-12-06,31005,44987.280535846876,44996.91140286492,45951.04175063697,43912.20486022076
2019-04-30,31625,36821.52775302834,36864.705310224046,35570.11824919643,35469.15673744589
2025-04-04,87940,73204.56367134926,72861.16758156291,75907.81457497574,77480.08051723479
2015-04-24,26574,35267.11803229399,35246.34529516635,31657.45463604378,32404.869694099136
